{"count":1,"self":57.0229952,"total":58.0184967,"children":{"InitializeActuators":{"count":2,"self":0.0019947999999999997,"total":0.0019947999999999997,"children":null},"InitializeSensors":{"count":2,"self":0.0029920999999999997,"total":0.0029920999999999997,"children":null},"AgentSendState":{"count":2681,"self":0.0218153,"total":0.94631979999999993,"children":{"CollectObservations":{"count":894,"self":0.0009965,"total":0.0009965,"children":null},"WriteActionMask":{"count":894,"self":0.0019947999999999997,"total":0.0019947999999999997,"children":null},"RequestDecision":{"count":894,"self":0.007837199999999999,"total":0.92151319999999992,"children":{"CameraSensor.GetCompressedObservation":{"count":894,"self":0.91367599999999993,"total":0.91367599999999993,"children":null}}}}},"DecideAction":{"count":2681,"self":0.0220797,"total":0.0220797,"children":null},"AgentAct":{"count":2681,"self":0.0210756,"total":0.0210756,"children":null}},"gauges":{},"metadata":{"timer_format_version":"0.1.0","start_time_seconds":"1671481675","unity_version":"2021.3.10f1","command_line_arguments":"C:\\Program Files\\Unity\\Hub\\Editor\\2021.3.10f1\\Editor\\Unity.exe -projectpath C:\\Users\\Sceni\\Desktop\\MazeTraveller -useHub -hubIPC -cloudEnvironment production -licensingIpc LicenseClient-Sceni -hubSessionId 39e779f0-7c2c-11ed-b481-ad2e7938c037 -accessToken B9DZYy8aC3Zahyi8Cv4gbLt6p5lhwDplRhH-2UwKnOA002f","communication_protocol_version":"1.5.0","com.unity.ml-agents_version":"2.0.1","scene_name":"MazeScene","end_time_seconds":"1671481733"}}